{
  "resnet_bk": {
    "losses": [
      10.833950996398926,
      10.824682235717773
    ],
    "avg_flops": 0.0,
    "final_loss": 10.824682235717773
  },
  "resnet_bk_act": {
    "losses": [
      10.81685733795166,
      10.821419715881348
    ],
    "avg_flops": 0.0,
    "final_loss": 10.821419715881348
  },
  "mamba": {
    "losses": [
      10.851115226745605,
      10.834763526916504
    ],
    "avg_flops": 0.0,
    "final_loss": 10.834763526916504
  }
}