{
  "throughput_tokens_per_sec": 132.14573572217066,
  "perplexity_wikitext2": 82023.1171875
}