{
  "baseline": {
    "model_name": "Baseline (ResNet-BK)",
    "measurements": [
      {
        "model_name": "Baseline (ResNet-BK)",
        "seq_length": 512,
        "batch_size": 2,
        "forward_time_ms": 575.8962899984908,
        "backward_time_ms": 701.7886849993374,
        "total_time_ms": 1277.6849749978282,
        "tokens_per_second": 801.4495122334365,
        "samples_per_second": 1.5653310785809307,
        "peak_memory_mb": 879.8173828125,
        "config": {
          "vocab_size": 50257,
          "d_model": 256,
          "n_layers": 4,
          "num_experts": 4,
          "top_k": 1,
          "dropout_p": 0.1,
          "n_seq": 2048
        }
      },
      {
        "model_name": "Baseline (ResNet-BK)",
        "seq_length": 1024,
        "batch_size": 2,
        "forward_time_ms": 1210.4441050018067,
        "backward_time_ms": 1404.8235200010822,
        "total_time_ms": 2615.267625002889,
        "tokens_per_second": 783.0938525833423,
        "samples_per_second": 0.7647400904134202,
        "peak_memory_mb": 1512.75341796875,
        "config": {
          "vocab_size": 50257,
          "d_model": 256,
          "n_layers": 4,
          "num_experts": 4,
          "top_k": 1,
          "dropout_p": 0.1,
          "n_seq": 2048
        }
      },
      {
        "model_name": "Baseline (ResNet-BK)",
        "seq_length": 2048,
        "batch_size": 2,
        "forward_time_ms": 2656.132884998806,
        "backward_time_ms": 2398.7258549990656,
        "total_time_ms": 5054.858739997871,
        "tokens_per_second": 810.309488490617,
        "samples_per_second": 0.3956589299270591,
        "peak_memory_mb": 2777.529296875,
        "config": {
          "vocab_size": 50257,
          "d_model": 256,
          "n_layers": 4,
          "num_experts": 4,
          "top_k": 1,
          "dropout_p": 0.1,
          "n_seq": 2048
        }
      }
    ],
    "complexity_order": "O(N)",
    "scaling_coefficient": 2.4481426025383874,
    "r_squared": 0.9994596533044184
  },
  "phase1": {
    "model_name": "Phase 1 (AR-SSM + HTT)",
    "measurements": [
      {
        "model_name": "Phase 1 (AR-SSM + HTT)",
        "seq_length": 512,
        "batch_size": 2,
        "forward_time_ms": 607.0188750018133,
        "backward_time_ms": 690.0672849988041,
        "total_time_ms": 1297.0861600006174,
        "tokens_per_second": 789.4618195598607,
        "samples_per_second": 1.541917616327853,
        "peak_memory_mb": 786.1533203125,
        "config": {
          "vocab_size": 50257,
          "d_model": 256,
          "n_layers": 4,
          "n_seq": 512,
          "phase1_config": {
            "ar_ssm_enabled": true,
            "ar_ssm_max_rank": 32,
            "ar_ssm_min_rank": 4,
            "ar_ssm_gate_hidden_dim": null,
            "ar_ssm_l1_regularization": 0.001,
            "ar_ssm_use_fused_scan": true,
            "htt_enabled": true,
            "htt_rank": 16,
            "htt_num_cores": 2,
            "htt_phase_encoding": true,
            "htt_compression_target": 0.1,
            "lns_enabled": false,
            "lns_block_size_m": 128,
            "lns_block_size_n": 128,
            "lns_block_size_k": 32,
            "lns_use_max_log": true,
            "stability_monitoring_enabled": true,
            "stability_threshold": 1e-06,
            "schatten_s1_bound": 100.0,
            "schatten_s2_bound": 50.0,
            "gradient_norm_threshold": 10.0,
            "use_gradient_checkpointing": true,
            "checkpoint_ar_ssm": true,
            "checkpoint_htt": false,
            "target_vram_gb": 8.0,
            "target_ppl_degradation": 0.05,
            "target_speedup": 3.0
          }
        }
      },
      {
        "model_name": "Phase 1 (AR-SSM + HTT)",
        "seq_length": 1024,
        "batch_size": 2,
        "forward_time_ms": 1160.8269800002745,
        "backward_time_ms": 1252.5913400000718,
        "total_time_ms": 2413.4183200003463,
        "tokens_per_second": 848.588901073605,
        "samples_per_second": 0.8287000987046924,
        "peak_memory_mb": 1421.89892578125,
        "config": {
          "vocab_size": 50257,
          "d_model": 256,
          "n_layers": 4,
          "n_seq": 1024,
          "phase1_config": {
            "ar_ssm_enabled": true,
            "ar_ssm_max_rank": 32,
            "ar_ssm_min_rank": 4,
            "ar_ssm_gate_hidden_dim": null,
            "ar_ssm_l1_regularization": 0.001,
            "ar_ssm_use_fused_scan": true,
            "htt_enabled": true,
            "htt_rank": 16,
            "htt_num_cores": 2,
            "htt_phase_encoding": true,
            "htt_compression_target": 0.1,
            "lns_enabled": false,
            "lns_block_size_m": 128,
            "lns_block_size_n": 128,
            "lns_block_size_k": 32,
            "lns_use_max_log": true,
            "stability_monitoring_enabled": true,
            "stability_threshold": 1e-06,
            "schatten_s1_bound": 100.0,
            "schatten_s2_bound": 50.0,
            "gradient_norm_threshold": 10.0,
            "use_gradient_checkpointing": true,
            "checkpoint_ar_ssm": true,
            "checkpoint_htt": false,
            "target_vram_gb": 8.0,
            "target_ppl_degradation": 0.05,
            "target_speedup": 3.0
          }
        }
      },
      {
        "model_name": "Phase 1 (AR-SSM + HTT)",
        "seq_length": 2048,
        "batch_size": 2,
        "forward_time_ms": 2379.3056949994934,
        "backward_time_ms": 2519.1536050006107,
        "total_time_ms": 4898.459300000104,
        "tokens_per_second": 836.1812866343328,
        "samples_per_second": 0.4082916438644203,
        "peak_memory_mb": 2694.9296875,
        "config": {
          "vocab_size": 50257,
          "d_model": 256,
          "n_layers": 4,
          "n_seq": 2048,
          "phase1_config": {
            "ar_ssm_enabled": true,
            "ar_ssm_max_rank": 32,
            "ar_ssm_min_rank": 4,
            "ar_ssm_gate_hidden_dim": null,
            "ar_ssm_l1_regularization": 0.001,
            "ar_ssm_use_fused_scan": true,
            "htt_enabled": true,
            "htt_rank": 16,
            "htt_num_cores": 2,
            "htt_phase_encoding": true,
            "htt_compression_target": 0.1,
            "lns_enabled": false,
            "lns_block_size_m": 128,
            "lns_block_size_n": 128,
            "lns_block_size_k": 32,
            "lns_use_max_log": true,
            "stability_monitoring_enabled": true,
            "stability_threshold": 1e-06,
            "schatten_s1_bound": 100.0,
            "schatten_s2_bound": 50.0,
            "gradient_norm_threshold": 10.0,
            "use_gradient_checkpointing": true,
            "checkpoint_ar_ssm": true,
            "checkpoint_htt": false,
            "target_vram_gb": 8.0,
            "target_ppl_degradation": 0.05,
            "target_speedup": 3.0
          }
        }
      }
    ],
    "complexity_order": "O(N log N)",
    "scaling_coefficient": 0.29023362065149844,
    "r_squared": 0.9999773908713582
  }
}